labels,0,1,2,3,4,5,6,7,8,9
0,-4.8793906433173,1.4450722370960984,2.562749524865077,0.4752660884924006,4.4533690702739115,3.6909413914237508,-1.106084497969865,-3.814442871671046,0.5701670624691414,-1.4835455247214417
1,2.734555688704558,0.47691086672437494,-2.3808399232402917,-0.10067608144312415,-2.456840038060205,-0.513856353740443,1.7446143055096819,0.5775269831700118,-0.1629782732830961,-1.573564441910721
2,1.1248678750745622,1.2905374906701068,-2.099594345811404,-0.0892756041542779,-0.3084890861044106,0.9240111276748191,0.7156591264659458,-0.13423880831944304,-1.3541559378481816,-3.648271973108283
3,2.993553446538395,2.388847038237432,-1.7149361271418033,1.16471364284598,-1.5589906134950051,1.0269091209191055,-0.40392517407527195,1.1793675299325703,1.2074337779088773,-0.1932453128476332
4,1.660483596901557,2.48440792039272,-1.3082546782051931,2.2614204261475206,-2.584469427755198,-1.016428105322558,-0.12902386684383738,2.346124133936426,0.18479889307384934,1.2088817222879473
5,2.135733730720171,-0.3095286849986491,-1.7129184791380418,-2.2279920663601045,-1.2174850012597116,0.14621901752110028,1.9245506831171069,-0.5531921445722651,0.020914924856030803,-2.53956392051254
6,0.8203305945746696,0.5259360137271654,-0.9231086370012385,0.9875671580768322,-0.9753203526155589,-0.9148265173254557,0.4217742615373476,0.06247702940756267,-0.7290037216730638,-0.7424187046178332
7,0.8026209427239878,-0.49225846902573156,0.11193361427807645,-0.2660936489100904,-0.22796822493255792,0.5139590117871212,0.3491645000536336,0.6151352880333179,-0.19507730860984487,1.2394400731930926
8,1.7802164114915882,-0.0961398259585966,-0.3138147486257528,-1.4793573049292736,0.09698496709156167,0.5637439489986334,0.4702108969486821,-0.27031681972468624,-1.36826558886163,-0.5453718455381763
9,1.8262376314323658,0.6918529140137717,0.06743262311523737,-0.7183476569014176,-0.9459523887626256,-0.055594495924370955,2.1631719573517123,1.37993317854754,-1.6324666864454083,2.2632556479200745
10,3.0197285519829613,1.2417026146145596,-1.5197226131880197,1.2731463923684319,-0.9360939156626793,1.1429533774033822,-0.4777052366611458,0.7226938825174795,-2.7806925311815966,0.9779647552981319
11,3.328540629949213,-0.4519363402842911,-0.5353237732139248,-3.126119028491339,-0.4265061691442922,-0.7118088980820181,1.7785857132024134,-1.6240777559773067,-1.1714535912320518,-1.155254150346972
12,0.15498575996150338,0.1927905822466315,0.4162405792767433,-0.9747442516548235,0.4029344124609266,-0.7005454808400464,-0.17300662708756145,0.2982865647449337,-2.214617153035749,-0.7308583013364329
13,0.09366837635271924,-0.7873621813630358,0.2966218770815792,-1.8650617267326446,-0.2038673914331403,-1.8608028393026022,1.1726962355507409,0.7743918086200999,-3.6624408702712845,-1.365317253187737
14,-1.4125895961440353,2.1109720827577725,1.587365105816549,-3.384900495829365,-0.010739663095688967,-3.1680260179860724,-0.08303219774611575,0.3304624474792081,-1.3572559756806004,-2.778210823138347
15,0.36561918697055046,-2.1241506893416013,-0.5325850336814288,1.8730308006170997,-1.4853566033037797,1.1218715256856948,0.5366337835079557,2.824761678535286,-1.913846402059117,2.6276961143509894
16,0.027810743661230333,-0.8076356493000655,-0.1434245722243489,1.160017038982273,0.28460790100933275,0.8556284702085732,-0.6956859100464222,-0.1976456427561149,-0.1908625401922593,1.47604776719241
17,-1.2623129324174196,-1.08681560938412,1.33541510330461,-1.6480255691097168,1.582756856422828,0.1615746728957304,0.6090820381081998,0.5800925777971404,-2.243891994045404,0.2642620525044779
18,0.5554694597641321,1.330256507038923,-2.3526085699225545,0.021527770686205427,-1.7781285586929922,0.019165683021966542,1.2162898352106581,0.8158686963324682,0.9638749985801233,-3.0570346908298727
19,1.0151216389858835,-2.3732314100421394,-0.6903236130071482,-1.8738142698534308,-1.0220358202339286,-0.5888700702518561,3.1918092534305424,0.44980175899237546,-2.1752504337151644,0.5279951174821369
20,2.090008073238826,2.270875608457807,-2.021884683838441,-0.7949552792968939,-2.061631347936086,-2.3679177369379527,0.2992860054458658,-0.14707396982626958,-1.0296303148247592,-3.511920722658571
21,0.4040191016565396,-0.5277981106482525,-0.0566528818717319,-0.4739980019488327,0.24395777948557784,1.7677648934014774,0.8495345568032878,1.4437894309014838,-2.0771585913394013,0.7507993616067719
22,0.2715742119358985,-0.09007226155611325,-1.984721141719135,-1.9332281652465837,0.5569227949283191,3.496140619440806,2.1260507109130575,-0.5328786638566878,0.7432153617004437,-3.333698414340307
23,0.2527491952046108,0.38579572022369,-0.3823705275128159,-0.31271303755235647,0.8636086094330987,2.5448904118143054,0.02118266485859352,-0.1275608108587195,-0.2933890480967183,-1.1625878313289086
24,1.2810506262014254,1.7438762592104284,-0.7903719331153661,-0.625017182669431,1.2281005653510433,3.500520772633907,-0.8686408066710277,-0.8765133035839705,0.690944616514739,-2.2851665452675682
25,0.12003888973363484,-1.5418389573056475,-0.7134956160187685,1.5372315193708603,-0.4312871826401892,0.729419285268757,-0.5907255910392846,0.07640686898158924,0.05574420787574334,2.883297564947168
26,-2.8861712749118897,0.25099731955782856,0.806879691907443,2.1554964098958687,1.3280246217595864,0.43691383612708834,-2.975323315325008,0.5394608555079308,-2.046126022578505,0.10291294927403279
27,1.2753279869142664,0.06995302750083834,-3.678685835472888,1.5116620328665484,-0.994935690183741,4.690654635393297,2.060588079261376,0.656204786253167,-0.13794276251885443,-3.018179692785635
28,-0.34880743017880694,0.09198173222992712,-1.4986480989730533,2.6609662091122215,-1.3013103344285426,2.561969190525257,-0.47184747281495426,3.3020789012886764,0.706545960343873,-1.4579202658638306
29,-0.0873693602137195,-1.053356232767913,1.1634452532112913,-0.12485144019035307,0.4020439881240518,-1.726301148430724,0.15162657559335702,0.23960083187055103,-2.8047265356672324,0.6346748781215317
30,-3.858744474522177,-0.8471426916741076,0.17031580732753304,-0.10665158636585018,-0.008381107447008623,-1.8485022742005977,-0.433858927893909,2.1726975536883364,-3.760514559782285,-1.8567630936178592
31,0.22360318445982685,-1.6476654935922,-0.28832313097867995,-0.1708886144906035,0.13962565650631098,1.1827451159811289,1.2042817384705964,0.3245923479049809,-0.24119840054936487,1.2793967878585888
32,0.3096730787892857,-1.2019121323659847,-0.8651835583573757,0.5063744065925708,-0.5834496681705285,1.9992707890866046,0.6029404242481644,1.496095836784996,0.9981541880408655,-0.00662852715964915
33,2.3060384792471043,0.8455267144479717,-1.302523528534444,0.04631053277279277,-0.44817610506119543,2.0106884531410714,0.4003298299200053,0.8165126318213025,-0.8311251581571908,-0.9007879386209993
34,0.1728796963156322,0.7639000029111105,1.001709803355082,0.9719951827894755,0.21606855981256612,-0.6782504245761208,-1.2854883470155283,1.88237185103879,-2.8219091634995266,1.3207353202700869
35,0.7053012341787284,0.9988879352537079,0.8645584524854443,-1.7876340741692731,-0.014186915632086572,-1.0147039897432455,-0.6181227659060506,0.13917518727072822,-0.7231850505784522,-0.5052221949273714
36,2.025177707068746,-1.29419347036967,0.2942624764964147,-0.09365328752696533,0.7590916250505454,0.6962094631883686,0.589221617861765,-0.7332054896874395,-1.7634008021314986,1.8134107674097573
37,-2.109054001199193,-1.8142448699560447,-0.9493784887344802,2.756660055792321,-1.1587223290876068,1.6131827106491843,-2.863213979815055,2.341569550298238,1.572026829940525,2.0002858682175884
38,1.7380346447038626,-0.3203434493676342,1.1857046037778498,-1.5836708232858754,0.6089190474509686,-1.3800762620331326,0.4787852968706737,-0.9130247776641623,-2.882908104164043,0.3370944739055288
39,0.8331278540642603,0.9696325279325967,-0.27581321482380877,0.8210422333393309,-0.610799654041279,-0.38622067119754433,-1.7781458790869067,0.6532505395742942,0.47841222892146157,0.09699217345693667
40,0.919828356445012,-1.9500248474661512,-2.39227701525053,-0.9841529651637998,-1.4165992123697655,1.8218497297873775,2.6309085338368163,0.6184392136809163,1.979800247207863,-0.6367895315897263
41,2.1866598377989908,-0.4201354520874013,0.2097115900638106,2.3767653435177296,-0.2613226395353885,-0.5128099256364446,-2.419193093765711,-0.833209740449901,1.1246433666865665,3.660684572004081
42,0.06354308581721035,0.8661400481642083,-0.6616748056726077,4.126152849191551,0.2165110498086999,1.7376855844139798,-2.454835221279804,1.4401286127366586,-1.0884396993534615,0.7745893129167042
43,1.876661276287583,2.4226314671600075,-1.7108905070957263,2.6967165174721246,0.24509375225832877,3.0589126031046048,-0.815109117569767,0.577402027733501,-1.3195196416085293,-0.5937166238548292
44,-0.7653170665574613,-1.494891998910251,2.7352006651736525,0.21115761792130855,1.3494109402789813,-1.992664064356712,-0.18177924731669065,-1.0999710389562039,-0.47800292810075473,2.8432901314851318
45,0.29009976655908176,-2.194738974283191,0.5391695727147932,0.4039769233667496,-1.100754242341195,-1.9396354322153517,1.5576650323668184,1.9240593791586929,-3.2184225719951987,1.6633159094089591
46,2.1291235002046562,2.4765986029262193,-1.6907271326607403,-1.3633684630100034,-0.9921301518753666,0.10472732818707889,-0.2532655277352122,-0.5270152254959918,1.4476996420627135,-3.568076575536354
47,-2.2854413627594887,-2.6023460129973,0.27977658810676925,0.05096402599096875,0.18252738450227401,-0.3291769860016086,0.7174326574209724,0.8177091527329603,0.617942589705822,3.8085099896063603
48,-1.2102480733146794,-1.2363361949798368,0.38641696525347313,0.28600730856443635,1.1305460389063804,1.5928395402942561,0.7242487658885467,-0.19724730198078444,-0.03534781508328645,1.8693713511947667
49,-2.498836418209534,-2.2107266646598127,-1.4034976705334121,1.515711269765298,0.4693846409634901,2.941589662707357,1.412601871065683,2.045222537624832,-5.091822964218551,-2.123067448043219
50,-1.4006787728311025,-1.2428227745972469,0.24480882634775636,4.018568187932504,-1.0040957998709676,-2.792625306294317,-1.542991603426563,2.1026914832062857,-3.5147769399820725,2.2931939216650763
51,1.1863533374752695,0.7236031632078562,-0.7551226230379154,-0.6600841594146047,-0.9362006614499212,0.5173016521149391,0.961643246079106,0.8704704771315148,0.5002005745515926,-0.9595177888129499
52,-1.1700025654871355,0.8043428443518672,-0.16076662402169095,-0.5293522113459719,0.3209267638705131,1.4113342570851553,-2.5541835531351293,1.4365658759462914,0.35733010571758683,-0.809854268097955
53,-0.5085715352103071,-1.2944866222506366,-0.4954845362451595,-0.07127538139517602,0.006491249770364693,1.753772167671373,0.6932569310253589,1.0990984912055335,0.38901688808728585,0.5213987327597642
54,0.02623810440307872,1.9601707353155482,0.4229235266164264,-1.03591789016969,0.761755488363098,-2.692299557861298,-0.21437780668950893,-2.4546288737243316,-4.363941518888595,-3.2637646164267746
55,-0.17595330637570078,-0.8299542476245768,-0.48467730675761833,1.65523830130558,0.2058328675444647,2.3900171954443783,-0.2591925214563442,0.4550925052685433,0.5951354791580471,0.680401565112909
56,-1.0717270616648347,0.537076177951189,0.29709832727949737,-0.9201277360620399,0.4491454924293365,2.7313615806772376,0.552693682906745,1.003440174613894,-0.20078249135626752,0.6435906271163552
57,-1.9128542797302817,-1.020080242359611,0.6842624399032665,0.07951922931353018,0.2062476300792283,-0.48699983903842614,-1.1395805023359697,1.9298799018155846,-1.1647380314371714,1.2773706165980774
58,0.9169494508174456,1.558729401666034,1.5783991994393842,-0.21385527145700547,-0.15376524200361297,-3.9424286750300026,-1.7170791183861698,0.3928924217768591,-4.3165688972899945,-0.1961308476031049
59,-0.44957923223837604,0.1264380889054714,0.9966710042546345,-0.3185247456670911,1.1118464328769013,-0.48935943986670044,-0.9839672737219787,0.2667457543252009,-2.6364498682338913,-0.1018018071657931
60,0.19947079435035336,-1.4784711284437422,-0.6110340251872226,-2.3687591283203493,0.9847275947716158,2.3692407281936387,2.767337092490861,0.29181201628862014,-1.8179660696185649,-0.6263308938189863
61,-0.3631795016547009,-1.4013962598224856,-2.039606917754882,-1.4221116841113615,-2.1376146918075056,-0.42396380542278833,3.421693132554967,1.3315953923700357,-0.5346972289584122,-1.6570242273078701
62,1.088482524126373,1.060057948447121,-1.698810789594741,1.7422616814320613,-2.1929882533674614,0.8280814946784079,2.059827204554562,2.369154321478134,0.23383793088217117,-0.1460024198852793
63,-0.8580494005853381,0.3294457834319542,0.1957021912975887,-1.3142125193445526,0.08637045728552045,-0.46214234432743495,1.2041410407812232,0.2045002935139961,0.5052798542326427,-0.3983629910081131
64,-2.5501326802501696,-2.5621777492541216,-1.2540777879672398,-0.3755582423133519,-1.0537064807115797,1.999764093790532,1.287483621930059,3.461956848993743,-0.7015089448489142,-0.4145977514859431
65,-2.5470668199931064,-2.5735232950145654,-0.32338014035794854,-1.4022439175531238,-0.09611282033908053,1.0079065107697605,3.0199308666669302,1.870710153527558,-0.5388377542685737,2.2205794942533683
66,-1.5115013308391436,-0.37261073172767295,1.9377266947168925,0.6419111713908159,0.17046783687170725,-2.3919411375968194,-1.9515953961736525,1.1538860914657307,-0.5069847851665694,2.3150762669969858
67,-1.058159643679596,0.1513177779902742,-0.6737932903028847,-1.373754708043138,0.7940488442560416,0.406169211187827,0.15913453372903857,0.02062066235732178,-2.121796285880294,-2.5722520913496663
68,0.06127944220486553,0.6666758743358703,1.4034099989331514,0.5592061944492779,0.8418043447503565,-0.5866229717174898,-2.427112512039069,-1.3194766370659998,2.1906847550204143,2.3127808263336576
69,0.9615317909754452,1.7987478682546048,-2.618539619401427,2.737386293893026,-1.4843790592252413,1.156195718003255,0.12108175931134055,1.339272830876433,0.6179675441152241,-2.8886901201374133
70,1.1378273060601505,-0.05633401623519138,-1.3479738840678634,0.2137392126269521,-0.016163475288433357,2.6328237516730315,0.7856289442705107,0.47986717571899073,-0.19091790191539235,-1.5622469361947684
71,2.2176530521527,-2.6735391805177344,-0.5033995171253003,1.1416335209830395,1.0056926340527148,0.27380362819157883,1.5914823623067422,-3.748762550243244,0.013040917092605353,3.450268724320652
72,-1.7572472956899268,-3.5336521521966913,0.27906606300196746,2.2221945687624554,0.9383601451260122,1.123850096222527,1.7104654259440055,-1.6993113861624725,1.742453078777883,4.691659935672439
73,0.35851451449717686,-1.9364955495893832,-0.08944637715855305,-0.31025388051172664,0.48570276733562096,0.665280505530661,1.4727658892711113,-0.8211909523258397,0.6257272212470933,1.9762625437745622
74,0.5337299773176767,-0.7707672528004404,-0.775255612992439,-1.1801255516477858,-0.585995511095311,1.2548483567086608,0.7641349806120477,1.3882511771520345,0.48172245969437766,-0.7442672241864228
75,0.6339470501236744,-4.4466634416026185,2.3656662157223476,0.8668112831738503,1.8813266088227238,-1.8868820871593595,1.4023735838707816,-3.279873255284474,-2.0288683463469686,4.602083562111231
76,-0.29619972800868855,0.691532173115398,0.22764433257594013,-0.5263200835914229,2.3622499291238954,2.1559773701775162,-1.3154829657549363,-0.0033186146197518307,-3.251574702642949,-1.554347185049521
77,1.4914978443473634,-0.6879376034241974,-0.15690841452794452,-0.03123700708642048,1.472436015039241,0.310145204058611,1.3268431368829494,-2.6725455984036923,-5.002595106069165,-1.311913932076013
78,0.7718682666279095,-3.7758080925570163,-1.32031557655409,-1.064977836689681,-0.13351722659534182,0.6807471590173375,3.93391644907478,-1.439880534508495,-0.31809372614969955,2.939378351084511
79,2.382747856190635,-0.3922730799314871,-2.204349116455845,2.8140960943788054,-1.5359133237800533,2.623486073209918,0.6637889734445325,1.4230783943485434,1.3275865741022477,0.43053938399383673
80,1.2643199289908904,0.06050738041504106,-0.1984404411271852,2.3189797913218513,1.8100872448641225,2.476977721960796,-1.7984657201756948,-2.0014874162351246,-0.9950824435749683,1.6549032911750285
81,-2.1408875854102654,-1.1523683772186657,0.7163012174923582,0.008836368153521235,0.7122733456108761,0.022451619728142733,-0.854980597868933,1.1273807847361796,-1.3075172139066424,0.8146258814658652
82,1.310219319032464,3.0268649383184805,-0.3012546986639811,-1.259096918943507,-0.07361663465172255,-1.27230771274604,-1.968690316656629,-0.5845132081962621,-1.171019726675563,-2.569030367427426
83,-3.9103340194994765,0.4630275446903213,3.6510336528938847,2.1290058920766612,2.5022153011133,-2.1487104339437315,-3.615701695894258,-2.820430427485596,1.2086884444035069,1.365108246759737
84,4.323527061976266,-2.559258876630735,-3.0058081286332827,0.25033612345756157,-1.230813371457891,0.5548132467842836,3.8446859069377197,-3.5090788523536753,-0.3130197488458466,1.3542080879254512
85,-0.49462299796772985,-2.5244387794253704,-1.9068003865939716,5.16868652371151,0.08423028433859617,4.1924344024915685,0.6827044098077854,-1.1948173572513596,-0.516053681035971,2.3963049182962823
86,-2.047581520147836,0.5860211179420095,-0.8516470538749157,1.0946731340545768,1.1981380725906245,4.068740718746515,-0.6178560655445984,-0.3897402272287336,0.878368594149472,-2.450180656451783
87,-3.1563594123413345,-0.5963011754359449,-0.5960865669305905,-0.9147428447914083,2.9354821110429263,5.944764236874127,2.927054581343884,-1.1397121414979758,-2.2028824486428253,-3.4014178128127024
88,2.3876096988642486,-0.6027620176308008,-2.5187452596995903,3.4669900200714587,-2.410841160216034,-1.8693989303599372,0.31758757946612604,-1.3474186465414355,-0.5782560951231224,3.3588826897844557
89,-0.06727157530439198,-1.6157266196877735,1.600227628018489,2.7074197214733977,0.36909252902978495,-3.7105254695332373,-1.777840926750177,-2.1638043389910577,-0.9485188825443039,3.9583249123650455
90,0.10087989024755173,-1.3175065644855655,0.667377497958541,0.5184380923062831,0.13513024357340991,-0.3346258489618825,-0.23346059307179579,0.5293988458473727,-0.7427497647371682,1.9963572582140348
91,-1.6607049655498047,1.572491856758416,0.027949449547517533,1.5356220312845728,1.7770849479918502,2.7888538855564495,-3.553148116434226,-1.5504962122455008,3.484253254301838,-0.9494906154720875
92,-0.0018360628084570368,-0.0742837108126517,-0.018336613340967894,-0.3342925176562085,1.0309863433330855,2.057102297401968,0.24674422525333956,-0.7378472140500824,1.056405230836656,-0.4325022789106463
93,0.5607061274065275,0.6848329213568668,1.4142938591248762,-1.5386362350776397,1.7889332389009875,1.8321679355057234,0.5175811525360745,-1.1562207044573845,-0.01807771082647376,-0.7749130956323794
94,1.290615005924265,-2.2362086676695485,0.09285936880005205,0.26516990144773406,1.2187335829465358,0.403224326812886,1.4581862968169041,-3.2304948972802654,0.5315389914831579,2.9037833021639767
95,-2.288284814890342,-0.2410687326306299,1.3061962380937864,-1.9903195149204638,2.935939594055551,3.6067942394341435,1.9860881449097036,-1.3691388360026284,2.1372312575018695,-0.35754627540641204
96,-0.5163212264900975,0.02929630725687385,-1.5736435324381353,-0.8636293016998327,-1.3956261877656788,-1.650585114537705,2.133529341833803,0.3723866099984092,-2.5651830016027106,-3.716732665439635
97,1.080122657147714,0.3477980601397069,-2.5654542361229336,0.4191916999424149,1.131431164153894,4.915428402641897,0.8293832125368982,-2.3431879119419547,3.6369907567581548,-2.528041475076688
98,0.12069817105616429,-3.3068594205906883,-1.868459037601352,0.5972820440623413,-0.502593409460916,2.7694385844076352,2.8338469244230775,0.633645113786781,-1.0373171538253159,1.2155631305439683
99,-0.5851238422053641,-1.6990800060982585,-1.1803067968320302,2.91292910260788,1.3140819735970475,2.682151596308243,-1.0737902925486829,-4.168775946033796,5.537625862001754,3.5550538754032006
100,-0.18921930942934445,-0.11136995069020716,-0.41088887349649444,1.0788952381276609,0.5447337810171378,2.2250919704358902,-1.1575534639165972,-0.33641159559984457,1.8792734637890398,0.4945264907637432
101,-4.262376087230894,-1.5882845144249815,3.741815023521175,0.41260668559935954,2.2939278189234864,-2.1936058000629512,-0.7152908436081715,0.38376278532961505,-2.2736503699567816,1.9418305540758585
102,-1.3918849275187577,-0.5532737830164711,1.7332950221758143,0.2837049414683634,0.9012115631831745,-1.2486944949075172,-0.9886406695789929,0.15449320272153388,-1.0043627702570166,1.268065317001479
103,-5.227518418642412,0.2930443543887965,3.02489319370146,-0.8766463267415051,3.294322814464176,0.14626067134248255,-1.202274835093066,-0.9939652175297597,-2.6682711394288514,-1.9654594498651548
104,-2.2961325710579086,-2.3737076615721047,-0.272174428845093,0.30003371894073855,-1.8169340152433013,-0.13297428885404264,0.28813026975243494,3.790276047271365,0.9923147409446009,2.800902817715694
105,-2.0602179749317022,-2.0593568202290564,3.9396336603020083,-0.4570269398246106,3.5894652130179985,-1.871650999802171,0.9826473572001483,-3.3723421745020055,-3.73820851756222,0.6131328988299573
106,0.9065865930184263,-1.803190223448731,0.025319503004080035,2.3497862717601303,0.2882977036866873,-1.3960368303648658,-0.6893872582247225,-3.1142652956789454,1.0635040264439837,4.105158130064327
107,0.19422325694978232,-1.1509594654764042,0.10674579446338836,-2.0053957925796007,-0.5842497389082015,0.5432997870946226,0.057369578151018674,2.6546198229831064,0.914637369727206,-1.8727423692910068
108,-0.28381883176756006,-0.6391128889994322,-1.1410636909765586,-1.7079334491883829,0.19803756056630234,2.7437238297423057,-0.39321527715628934,0.6977742169085321,4.1229601467280705,-0.4361856617715639
109,-0.7729668960002496,-0.5539204906979822,-0.7275122867096688,1.260326401010113,1.6979533271838965,3.961025888519547,-0.8976226991440024,-1.7548665281514544,3.6725815908661192,0.4978769044973314
110,-1.9807478043961397,-1.610311377180924,-0.07343261918878502,-1.4432078672511375,1.4566836402618348,2.4452686339739307,3.6885688084992996,-2.0478109551802692,4.981403086983903,0.766156524940127
111,2.0454275660654004,-1.251514695975817,-1.7565756818097547,0.6180928199408628,1.1811807958816807,5.04004756673627,1.93593773244385,-1.3592768418914187,-1.0907059072225747,-0.8887598507097716
112,-1.3550615953312706,-0.7927120568027708,2.0370003509550467,0.30296155654137874,2.390680249337847,-1.0923623803609777,-0.6292942570617974,-0.4525838824676874,-4.714378400399093,-0.43200109564816164
113,-5.663072053716966,-0.5328991059992856,-0.19896625943183013,0.1666909023218096,0.7738468340939284,3.855978378032469,-0.7458798880932969,2.010306231330385,1.5114229757603745,-0.474798149274296
114,-0.13612978205816229,-3.855069222526488,-1.4005792571118896,2.3185048765006107,-0.9594885178858501,-1.4572175635421174,0.5861879591502911,-2.327718564710272,1.5149359635372506,5.988269022987245
115,-5.852327566214891,-0.9233154618937354,1.5264303448389018,-1.5831344217647234,-0.06857673781597223,-0.703068748190322,-2.6176757530050585,2.8759156993368387,1.5303531615081711,2.070333316410842
116,-1.5736024536215665,1.1046998846128993,3.547047354787722,0.5217974369048648,0.346690699816224,-5.555711796715081,-3.030705289690956,-1.2321192193778485,-0.28574253716612535,1.3222978915781647
117,0.24090592003493372,-0.08727607845587747,-0.24593618327829225,1.2233978112426223,0.47390335489480306,0.8817400947641656,-1.175930134204105,-0.9526936167453626,0.7144436575120356,1.1564651856030337
118,2.865983695149391,1.3313333337050908,-2.427494523146586,2.762469122829087,-0.4716949550697078,1.8433990686473625,-0.9043426273375281,-1.1164232016071165,2.675302706630344,-0.7153989440803153
119,-0.315763555913581,-0.9791730517221285,-0.05295800882242426,1.9604355664205975,0.29242820676322556,1.357214275562807,-0.7599070499299642,0.2174522363867853,0.08817317540939856,1.6209357962942124
120,-2.299414851131978,-0.12914949933937436,1.1009433366840127,0.0642370436730508,1.584978067693335,1.5230649323798806,-1.009787994112392,-1.5140665449263657,5.605708070686047,1.6982777043899033
121,2.5453529524015996,2.057767470961864,-0.9549201131672783,0.440630844863069,-0.638817729878567,0.5459189392567116,-2.9842686453253133,-0.7175457054603698,3.714206891839752,-1.0620181260171364
122,0.7000517285171501,-0.2559516483065787,1.5267090919025776,0.9512871784991723,1.9000791040651852,-0.7974799053473058,-1.7544070854599318,-2.308650460676779,-1.8343232015156796,1.7141273205707974
123,2.035713384146571,-1.8380037384585322,-2.5273930654119936,1.5331041601518405,-2.284437051133182,0.3768076442394951,1.6625200034003533,0.6107270168709962,-2.3633062885982814,1.050886987066908
124,1.368481178666646,2.1736089500578344,0.8514135851338867,0.34341674105598785,0.5327303485978475,-1.8366563712667165,-2.840964859953048,-1.7559772468689485,-2.048339862326806,0.036728522058758775
125,0.18983660086999693,1.663441066405332,0.8514413970598124,0.05857198180683136,0.09708981939304566,-1.5309276152572302,-2.420179106958921,-0.1253171632772485,-0.7809844363305185,0.0062430491194954835
126,0.3400263572168733,-1.4052782670104957,-1.7929007795179541,3.2153620830942264,-0.06939338649939092,4.210579968289484,-0.8439590535979968,0.9262370192611655,3.373823635885379,0.6045520498309696
127,0.03518010531575427,-0.7479133666941015,-0.5032767157418007,2.1686100084717426,-0.09264427226985346,0.45043176049584,-0.869030330289789,-0.7341013994702983,0.3731377823688259,1.9270037360118102
128,0.7735782364183965,-1.693392843333234,-0.9731387637252062,0.9206282750694257,0.21761521005874224,1.7640575947298895,1.3372120931483442,-0.9981607088955922,-0.6493136336134316,1.3251852168768137
129,-0.4497643005729924,-2.143896512991509,-1.451381150343403,0.6342488621904349,-0.12095417230018765,2.8016741635835993,1.6659569574056805,-0.03685986323089478,4.000967774688682,0.8745309013892186
130,3.5753573182204064,-1.025850710808148,-1.646895040708295,2.7326476344177446,0.008315476042050768,-1.7893234550057022,0.29033839343540163,-4.907647254715471,0.5297240949341658,3.6111760154745083
131,0.940083360654982,-2.1222348088143206,-2.2193985492094983,0.27732415208970607,-3.4903313386504324,-1.1115683011359345,0.9934899861639512,3.066860245218198,0.13459934772052023,-0.2675796491904325
132,0.6701990661622652,1.7637706336461372,1.1668656050184096,-2.039172814246077,-2.5620828650804928,-4.492111579741218,-1.9727564239485345,2.2495095538237493,0.9782514458401035,-0.8135584566716463
133,-4.930137221370787,-0.35610303777195695,0.948117338801278,2.4516967113848485,1.1171114514776554,1.724331453347315,-3.4695660301979894,0.08237626808467846,3.2191841126637115,1.4292573977485707
134,-0.0825135812191799,-1.368228995307258,0.7087387273968258,1.0414194652515167,-0.2501287550820319,-3.6005744921912877,1.73383631904497,-1.1394099471875183,-5.552864614515698,-0.8255620017753611
135,3.3422152254901523,-2.664258291253823,0.37340574782863734,0.8150458899776922,-0.7114007706869994,-2.6218549713447263,0.6246760824390113,-1.3752880291024123,-3.245208224196482,2.6317108213902354
136,-0.1038757194411291,-0.6076061950348732,0.38795243132880786,0.032011788904042146,-0.4199648139273887,-0.29091951284614864,-0.08810285825917857,0.8778975929708344,0.6192887220823096,1.1048449457969813
137,-0.003987379260443957,0.2695790815328281,-1.0121748538981439,3.7874419096705583,-0.0462672507738901,1.2149197971045018,-4.555564813565238,-1.680675053052036,5.380569660640257,2.5743665668825564
138,-0.484579290764126,-1.7557628317804341,0.7710201775987515,2.1766938918808574,1.559006531238606,1.046786411050845,-1.4926218496502839,-1.6783673192426793,0.7284280977202965,4.064451323947031
139,0.9748520770321684,-0.5052663371083366,-1.0686564853152523,-0.02473772707902308,0.32024560476971936,3.5192223719963387,-0.5191898654720845,1.3964547457470964,0.3017356382716323,-2.0621610648435933
140,0.4375286675333817,-2.1200459122841075,-0.19355686925050042,1.4023740407932643,0.11102699160587212,-0.5919564392926394,0.19317620292713886,-1.6218545814890402,0.0393130452081807,3.210157494630538
141,2.7287876179193655,-0.4153680299942052,-1.985263048572656,2.715849322528856,0.7262156732093941,3.2548552904848966,-0.465878161513792,-1.9083996376260233,1.2203426695021178,0.9451131217037105
142,1.295067324853532,-2.979361077001726,1.5898479650535096,-1.5908387701163322,2.2972719905473604,-0.5500841002697558,3.2963157878527514,-4.2917458625690434,-3.0797838510425044,1.0145229619469958
143,2.898857378252939,-1.1339901420536258,-2.306716653378689,-0.37552807693528595,0.618882033732446,3.102846965828572,1.828322872660935,-3.347649970658171,3.8436994769051944,-0.04425284333308166
144,0.23655068614116204,-0.6700163711391438,-0.7150451574211263,0.9106944177638179,0.429903697749229,1.9270429743303499,-0.1675949363670417,-0.6835255928132475,1.840283765822527,0.6357460385805229
145,-0.6051854661220175,-0.7446948703817236,-1.1612248752657435,0.015822610460533487,0.2734822693048051,3.396030295007549,-0.1782703358418377,1.485752595160198,0.06971498886423462,-1.5920133994296375
146,0.7131963284881155,-1.063389563352989,0.2926014089458048,-0.2872673595149514,0.8426693750118448,0.6003917385713017,0.8263233126917032,-1.275343634218646,-0.14019525495191845,1.0823674702964146
147,-0.5937076531199191,-2.6241566083650096,1.7643762595751475,1.8694928803921056,1.3387219562208528,-0.8843350524469988,-0.7624044176842011,1.039579443308965,-3.1739153425833377,2.67632835235791
148,-3.050212085317602,-2.064810782455015,4.727549341158896,-0.03866408698421506,3.888115327883952,-0.4294496587255595,0.8883511181548158,-3.277237688158897,-0.14619725927685157,2.995337097862734
149,-2.39363666667297,-4.244898410691125,1.9143619637029456,-0.021686828435258293,2.465650537207286,0.7450853089362266,2.3251798865868145,-0.9373641070120036,-1.2273615923028143,3.317364708111503
150,-1.0739626340192423,-2.0900304278978323,2.5173547075679696,1.7489869291779283,1.8324226464248339,-1.1568676952942982,0.06422490207365962,-4.0331687518893755,2.6195895622135987,5.242158799124979
151,-1.818748428848047,-2.2762582517491583,2.200623676915418,-0.7781270000080576,0.26834407084629575,-1.9657818197110555,1.2749261877879663,2.261961027864249,-1.1366779319517364,1.7732340338850765
152,-1.091810518633636,0.924421847756308,-1.0008524667060514,3.0879950941248384,-0.4852837087965354,2.499768891292752,-2.536411104697639,1.1904721111935317,2.5203575571557693,-0.20376057388729962
153,0.6527021670685216,-1.3249105374642673,-0.3342746503277727,2.162579517135172,-0.638587276053259,-1.2924706818163967,-0.8149429141246747,-1.132993484778281,0.3235451856068143,3.4437268195593163
154,-2.0383263069446294,-1.32636332552354,1.6026092226215998,1.6734589128780544,1.2758061284548403,0.2944906307693072,0.028322440908268742,-1.6748476366148324,2.117778865584184,3.3502644444502288
155,-1.5069947881696715,1.113619875143888,1.848991796866379,-1.4888776789451634,-0.275962305683074,-2.1477653575655298,-1.9412612757795804,1.4154301268298775,1.05490471138239,0.6142672736603725
156,-0.9763347279373592,-1.0893135261657374,1.091730039231122,0.7440097448002052,1.3020983146156304,0.4018582863239122,-0.7538313069681146,-0.002309604053095729,-1.544737444278523,0.9484311561412493
157,-1.749674473419023,-0.9613775354455315,-0.7507899900761328,2.8126076307132166,1.6013943855399964,5.1720662133676125,-0.9440364087746485,-0.04733398445471231,-1.7979357426721871,-0.6458964053491149
158,0.7307693130318228,-0.6932261367246996,-1.2525626567850723,0.9491322957443231,-0.4455352059548392,2.1045125747704656,-0.1407945902514936,0.6477254930318894,2.1807751629655625,0.05267476443636965
159,-0.13581378432715413,-0.4126251073491549,-0.8040353633065851,1.697026957447414,0.8874713908132558,3.48860647117473,-0.4293153509084895,-0.3913992131367511,1.1464439709228964,-0.09196797699198131
160,-1.3689268449839522,-0.3142687250719074,1.1577045859478043,0.2521336480174662,-0.4921655846680487,-2.0649077593472827,-2.0957875203999805,1.801708788673944,-0.46819269444342587,1.7011200544978298
163,-0.9072557869776595,-1.1607634159571119,-0.7694935809842597,0.5684659806513424,-0.7386480610719822,1.650995021200543,0.08754404394944487,2.1431445853339364,0.899403331369323,-0.07933515907856192
165,1.5448329318314669,0.722801122413006,-2.118125746658164,4.427401552877406,-0.9933076416401146,0.325929494163786,-0.5211407167849484,-1.0593174608201186,-0.10958655659688346,1.6954253418618719
167,0.9418548240429256,-1.4955794282440305,-0.7063192875587253,0.715836007257615,0.6100605356142376,0.9757241224072052,0.9727960933415354,-2.3361078608745696,0.9729280080994476,2.046690207735183
168,-2.9955850721423887,-1.1561806549697602,0.5977712287795491,-2.0888868921763093,1.44044606700025,2.0001734714759167,-1.8616244590359865,3.266216872851212,-1.5889203707010549,-0.2366632274408239
170,1.8581321287620494,1.183196296283986,-0.15687757369379018,-3.023653097075962,-1.8279163334449673,-2.0497258113311716,0.113950289640592,1.1918087332897063,1.5108111401770508,-2.3466583169894055
172,-0.15879940069547155,-2.0508473366532027,0.02970057817639213,0.1889476136315741,2.0475657610823514,1.7891190221159816,1.9442448724445058,-5.225962981229939,4.409042128302712,3.115937659265084
173,-1.857569559728177,1.4758293449349251,0.09646997045321885,-1.3291338589631083,1.8788461278147328,2.872280973151648,-0.13925985735608384,-2.2427028575169476,4.766991084397532,-2.1191501086315996
174,2.980670089292996,-0.14199324640288125,-1.179479031135938,2.0060276990192936,-0.08114423438438571,1.4826716335800443,-1.9689951144496687,-1.4998622416019045,3.1054608193424715,2.468146544517733
175,-1.1268964299618198,1.5335650186843126,1.9740034971869187,-1.3418613285010599,1.5246555115206921,-0.5531536611637119,-2.4014398381838107,-0.38873254287466563,-0.563629625238184,-0.5680538364768963
176,-3.5687869912692403,-2.3548748820487746,1.1553873725511488,3.3532073849429382,2.973336272819978,2.572972865702798,-2.066936045978594,-1.2639775313675863,-1.7246620610429217,2.0797440857455194
177,0.24310158786481934,-1.751131228907949,0.5842950216456437,-0.7959066060407183,0.1002590523125339,-0.545018293482735,1.6837170740896543,-0.06906385138206025,-0.6080374861014343,2.6916578560140145
178,-1.130136714169786,-3.2205420209030287,-0.599141544502002,-0.16990026187510665,1.5491079831617753,2.7005951541213005,3.1821228469151115,-1.9520324499273896,1.4336296610980823,2.7045670335971583
185,0.34508235656976055,0.8256019056523354,0.34324660093024595,1.2525009488662533,-1.3913046158159863,-0.5135848162966685,-1.9971204702123746,1.5079295406815085,2.7104598100290653,1.732646004125736
186,0.5092654590576008,2.6097852052786727,0.047133675373407874,1.9246493464305925,-0.14739469687421647,-0.9748299513389288,-4.724297515496332,-1.385135347019933,2.6599304087531546,0.21087663637136664
187,-2.6096798112817696,-0.8480435629388104,-0.4525271085919582,0.11749894166019087,0.6988623439315651,2.776125289855738,-0.7369468878242609,0.20703952138864082,3.6239732580130806,0.6921418698076525
188,-0.12499068536517224,-0.27976134021988575,-0.10629227469967033,2.1727673888853527,0.6650056841754067,2.3224895971480346,-1.1776506439620578,0.08795134783521683,0.24144699006669884,0.7026718495210571
189,1.301071111031211,0.40146176497593156,-0.11357983841095148,0.5275993058059523,0.6204961173809016,2.2411994659707606,-0.9099116894408352,0.3866901897447609,-0.6103775407215197,0.6822421715626182
193,0.1427315251554127,-0.7852562562819967,1.486917794213419,-0.8290568762063101,2.140169776982528,1.5222912605647418,-1.1510909035535095,-0.6683630841962306,0.8215182911760083,1.4482993317693373
198,0.40370053108503295,3.415059871918772,0.8219280513331932,-0.7470811998519897,-0.41874095535457145,-2.1083166121279846,-3.6862460185555905,-0.505667003676028,1.1456057754925109,-0.9122964334103706
199,-6.091422642092336,-0.6258402836276065,2.28534818314471,-2.2531716675116247,1.6207028344647367,1.6673268038902302,2.5296902134483394,1.1452803541897196,2.6843248126800034,0.7549187864169123
201,-0.7598783821773669,-0.41232915809001847,0.8682763303558985,1.076943461891201,-0.1036007304653625,-0.3095897307908331,-1.4977542686627585,0.8543762882998422,1.21685468817172,1.870934001717961
202,-1.4511100037896938,-0.6960397438873924,0.3839897972152562,0.5638760170183373,-0.34958944041771245,0.28353837665979065,-0.10846091458180637,1.1023286333665894,2.724110920457484,1.4893040212967656
203,2.3395667902436403,1.1035711070308518,-2.4150866896549346,-0.01689778425834277,-0.9866420931889337,2.134760755385713,0.2602826567357976,-0.05742229824341884,3.663164553425583,-2.792614505714557
204,0.7812931304648452,0.32900143363504103,-0.9062584019866182,1.941039678177604,0.6772045225284862,2.95727869276765,-1.31247110949626,-0.6504056863090992,1.8503621595232833,-0.08015571768448121
206,2.6929575465334628,3.3100628275142387,-1.9597817190253093,1.187580143513847,-1.898220359729386,-1.8617128775280671,-2.561620811439086,0.42647066258687016,0.39871059684142085,-1.9276981067958334
207,-1.9938193222273548,-3.351150291432912,-0.2689220992378861,3.734853131997787,-2.1209334947608136,-1.7163684289033716,-2.3863875499889406,1.9131134446719664,1.8237765969070354,5.761143067015295
208,0.4500200797189203,1.360787081627535,0.8862506811838946,0.6701512349798562,-1.8215549594760851,-2.981961678339357,-3.7688899015941453,1.5041774925939184,2.24658042355089,1.282116035589981
209,-1.7048912157054934,-1.0604976972774287,0.9399260738055575,0.6382235352739835,1.4083937120494936,0.7182658745800138,-0.7623076224845255,0.7902127238220238,-1.1579698842043553,1.7530552627943374
212,1.9612983384660465,-2.061204344988513,-0.019090057747311012,-2.011168623845211,1.7321943709107832,1.4700706885681378,2.801452465203334,-3.3396017842465024,0.3452030343785639,1.4524307129001595
214,2.678666919609332,-0.5922062034562301,-1.0030455053442142,0.9255757551870651,-0.7477281042609308,1.0957921790963265,0.33454592918717774,-0.12043997754297925,0.039331856448489966,2.594428888024696
215,1.5342884344220657,0.3717883218385346,0.9784700978754213,1.0340376495930166,-2.3473994643061964,-1.5324993806289031,-0.0013409363015634002,3.334516554593053,-1.2499688907761852,2.5792667934992246
216,-1.2166492582913648,-0.8072464812955981,-0.3533285532388864,5.157607438106792,0.6164876797435419,-0.430767952863285,-3.6030513192649343,-3.315897788110318,2.00503278763581,4.126273746345697
217,2.622165160705661,1.4483490831814987,-0.5197113430515025,3.6973513775008207,-1.1233769172362185,-3.5523945968678383,-2.01137540069437,-1.6324925640310286,-1.10306413897673,2.0006852398310073
218,1.1168698178411036,2.291981379707527,0.23202249970322159,-2.2963916744954385,0.17487075151900433,0.38358702619085633,-1.7236576832738215,0.44149176965644105,1.0614481018109971,-2.5381954286792525
221,0.15705424129596193,1.5351144961989414,1.269493267725026,-1.2590422067919838,0.6029705824503374,0.5502684553899327,-1.6771705174886617,-0.3154187486750625,2.097353707878682,-0.4679342269178709
222,-2.375628929049223,-0.30250122615545616,2.778596273652423,-0.3528026196101247,1.5774319120156282,-0.4900500671571983,-2.209723323607385,0.1579870182448163,1.3489627117927183,2.832365479138833
223,0.8368822926320649,0.3474118739110542,0.1637641523483438,3.4010047271917574,-0.5671836628832811,-1.0407403025583943,-2.818667881147511,1.6303778840117655,-0.9049639230272956,2.386109867529946
224,-0.15337455856254353,-1.5015409796370882,-0.9560375267048047,-0.526832823678713,1.9095229563241793,4.121404745770372,1.8416706917622014,-2.185375150925992,2.830599309226031,-0.1510518777801772
225,2.358118720192577,2.123905114936702,-0.3184078091837916,2.254641866238248,-1.785420153951618,-2.705401687014365,-2.8942153359792613,0.9229057337687765,0.08636367439619165,1.0941383684889976
226,0.7365303276421606,1.1189805004295916,-1.0820464934646572,0.2269302533584772,-1.9275526063115618,0.19905246929305073,-1.4842412099069264,2.8653743153312328,2.548365185240614,-1.422817686197249
229,1.7527167494384366,-0.1066825719561576,0.1321839966002803,2.1750151500892407,-1.3642258666606029,-0.793349300494802,-0.5625477832013831,1.0108112414347588,0.1743968191475651,3.181151939029484
230,-3.2915275356658045,-0.8886538019990411,3.0895744505743545,-0.29854623307855577,2.6491915382548443,1.1687475405794183,2.5799754053069273,-3.3209437512332793,3.2744314374913017,1.8415709328080139
233,-0.8201712668605258,-0.9839535277893969,0.2875707529880317,1.8115396920796447,0.38466572087745826,0.42325064672628365,-2.203510421617755,0.27394844241839406,0.28295923890938574,2.485783679844854
234,-0.4673208485130069,1.116764940138647,0.14405753835289875,1.7561209341576323,-0.08150836026999612,-0.24937632238236285,-4.591047445392349,0.78976829834427,0.6967933257527128,0.8003110979075263
235,-4.055622714911411,0.6438288291974523,4.800132588970503,-2.8614314926845856,2.534888827241957,-1.601393937113021,1.0959988774382776,-0.7023645130610485,1.6910719452016296,-0.3075122824723395
238,0.7846926886562576,-1.1430809411942215,-1.0157252113533033,0.947481654236629,-0.8024443082144559,1.07896746064015,0.0989729446992835,-0.053519482100673615,2.802206483385463,2.1792564893258044
239,2.7561566325956726,-1.4705742670988498,-2.5508308706524288,1.527567897156785,0.3820424608028275,1.3624000053673337,1.5456689956219436,-4.864297569088585,3.2514022683207724,2.6213861763828086
240,-3.9105139064073233,-0.8760301085695705,3.042933046531526,1.854425900020947,1.1863310058543557,-0.11687218754119494,0.64358902424564,-0.33171172717181124,3.739941791219529,3.9661760660079537
241,1.3867589200383614,-0.9140293219982657,-0.04408595441495605,3.90298000662666,-0.42646629782884715,-3.4826798557714254,-2.4001985361561835,-4.086828446120101,2.2554289598149277,5.135466821992955
244,2.9867207536087284,0.0321287802355866,0.34992750508313475,-1.177239425050552,-0.19298784253121437,1.0178480763407662,-0.29966053069109827,0.7034215738163532,1.0262917510891112,0.5313415602193127
247,-1.0259211918969526,1.4327275698978204,1.656141479902138,3.0603163463517444,0.3427322340127102,-2.8135376400405443,-3.985331451350785,0.5560864954244352,-2.773955667924521,1.6621620469657272
248,-0.653218024515906,-1.9835377355054764,0.6881058442887491,1.0818949860825045,0.8452235760517355,0.054389555407847456,0.653134584012638,-1.6080105832414993,1.1413214471700868,3.1415409285959734
